nis,nama,email,kelas,jurusan,namaIndustriPkl
21141,ADRIANO ANANTA PUTRA RAHARIANTO,21141@student.stembayo.sch.id,13 SIJA A,SIJA,Cargloss Group
21142,ADRIANO KIANDRA CAESAR RAMADHAN,21142@student.stembayo.sch.id,13 SIJA A,SIJA,Cargloss Group
21143,AGITAMI KARTIKA PUTERI,21143@student.stembayo.sch.id,13 SIJA A,SIJA,Cargloss Group
21145,AISYAH MUNA FATIH,21145@student.stembayo.sch.id,13 SIJA A,SIJA,PT. Aksa Digital Group 
21146,ALIFA QONITA AGUSTINA,21146@student.stembayo.sch.id,13 SIJA A,SIJA,Cargloss Group
21147,ALVINSA ISNANDA PUTRA,21147@student.stembayo.sch.id,13 SIJA A,SIJA,PT Gamatechno Indonesia 
21148,AMANDA MAYA WIJAYANTI,21148@student.stembayo.sch.id,13 SIJA A,SIJA,Cargloss Group
21149,ARDIANSYAH RIZKY PRATAMA,21149@student.stembayo.sch.id,13 SIJA A,SIJA,PT Aksa Digital Group 
21150,ATHAYA FATIH AZIZ,21150@student.stembayo.sch.id,13 SIJA A,SIJA,PT. Aksa Digital Group 
21151,AURAFELA FATTAHUNESWARI,21151@student.stembayo.sch.id,13 SIJA A,SIJA,PT. Aksa Digital Group 
21152,AZIZ HADI WICAKSONO,21152@student.stembayo.sch.id,13 SIJA A,SIJA,Cargloss Group
21153,BINTANG PRATAMA PUTRA SULISTYO,21153@student.stembayo.sch.id,13 SIJA A,SIJA,Cargloss Group
21154,DAFFA HAFIDZUDIN ARSYAD,21154@student.stembayo.sch.id,13 SIJA A,SIJA,PT. Aksa Digital Group 
21155,DALIL AMINUDDIN,21155@student.stembayo.sch.id,13 SIJA A,SIJA,PT. Aksa Digital Group 
21156,DHEA PENI NADINE SHAFIRA,21156@student.stembayo.sch.id,13 SIJA A,SIJA,Cargloss Group
21157,DIKA SETYA PRATAMA,21157@student.stembayo.sch.id,13 SIJA A,SIJA,PT Aksa Digital Group 
21158,DONITA CESARE HUDI,21158@student.stembayo.sch.id,13 SIJA A,SIJA,PT. Aksa Digital Group 
21159,ELFREDA FARREL YUWANA,21159@student.stembayo.sch.id,13 SIJA A,SIJA,PLN Icon Plus 
21160,FADHIRRAHMAN ADZDZAKY,21160@student.stembayo.sch.id,13 SIJA A,SIJA,PT. Gamatechno Indonesia 
21161,FAKHRI DARMANSYAH ARSYAD,21161@student.stembayo.sch.id,13 SIJA A,SIJA,Cargloss Group
21162,FALIH ARKAN AL FATHANI RASENDRIYA,21162@student.stembayo.sch.id,13 SIJA A,SIJA,PT. Gamatechno Indonesia 
21163,GEMA SABDA BHASKARA,21163@student.stembayo.sch.id,13 SIJA A,SIJA,MultiIntegra Technology Group 
21164,GHANIA ANJANI HUSNA,21164@student.stembayo.sch.id,13 SIJA A,SIJA,TEFA
21165,GUNAWAN WIBISANA,21165@student.stembayo.sch.id,13 SIJA A,SIJA,"MultiIntegra Technology Group,"
21166,HANIF NAUFAL SANI,21166@student.stembayo.sch.id,13 SIJA A,SIJA,CV Karya Hidup Sentosa 
21167,HILMY DAMARJATI BUDIHARTO,21167@student.stembayo.sch.id,13 SIJA A,SIJA,Cargloss Group
21168,ILHAM NURHIDAYAT,21168@student.stembayo.sch.id,13 SIJA A,SIJA,CV Karya Hidup Sentosa 
21169,ILHAM RAHMAWAN PUTRA,21169@student.stembayo.sch.id,13 SIJA A,SIJA,Cargloss Group
21170,JONAS ADRIAN PRADANA,21170@student.stembayo.sch.id,13 SIJA A,SIJA,PT. AINO INDONESIA 
21171,KHEYZA AMRINA ROSHADA,21171@student.stembayo.sch.id,13 SIJA A,SIJA,CV Karya Hidup Sentosa 
21172,KHILYA KHOIRINA,21172@student.stembayo.sch.id,13 SIJA A,SIJA,PT Gamatechno Indonesia 
21173,LIDWINA AIRA WASISTHA DWIYUSA,21173@student.stembayo.sch.id,13 SIJA A,SIJA,PT. Urban Plastik Indonesia 
21174,LUNETA GAVRILLA KODRI,21174@student.stembayo.sch.id,13 SIJA A,SIJA,PT. AINO INDONESIA 
21175,LUTFIANSYAH AUFAWINDRA,21175@student.stembayo.sch.id,13 SIJA A,SIJA,PT Gamatechno Indonesia 
21176,MARVELLINO APRIEDO,21176@student.stembayo.sch.id,13 SIJA A,SIJA,MultiIntegra Technology Group 
21177,MIFTAHUL HUDA,21177@student.stembayo.sch.id,13 SIJA B,SIJA,PT. Aksa Digital Group 
21178,MUHAMMAD AHSAN SANADI,21178@student.stembayo.sch.id,13 SIJA B,SIJA,PT Divistant Teknologi Indonesia
21179,MUHAMMAD ARIZAL AFRIANTARA,21179@student.stembayo.sch.id,13 SIJA B,SIJA,CV Karya Hidup Sentosa 
21180,MUHAMMAD DWI PRAYOGA,21180@student.stembayo.sch.id,13 SIJA B,SIJA,PT. SIMS - Life Media 
21181,MUHAMMAD EMIRZA DEWANTARA,21181@student.stembayo.sch.id,13 SIJA B,SIJA,PT. Kereta Api Indonesia 
21182,MUHAMMAD FARREL RABBANI,21182@student.stembayo.sch.id,13 SIJA B,SIJA,MultiIntegra Technology Group 
21183,MUHAMMAD QURTIFA WIJAYA,21183@student.stembayo.sch.id,13 SIJA B,SIJA,PT Botika Teknologi Indonesia
21184,MUHAMMAD RIDHWAN KURNIAWAN,21184@student.stembayo.sch.id,13 SIJA B,SIJA,"MultiIntegra Technology Group,"
21185,MUHAMMAD ZAKI 'ILMIN HUDA,21185@student.stembayo.sch.id,13 SIJA B,SIJA,TEFA
21186,NANDA ISNAINI MUHYI,21186@student.stembayo.sch.id,13 SIJA B,SIJA,"PT Gunung Sejahtera Ibu Pertiwi, "
21187,NAYLA RAZAQ AZ-ZAHRA,21187@student.stembayo.sch.id,13 SIJA B,SIJA,Cargloss Group
21188,NISA NUR AINI,21188@student.stembayo.sch.id,13 SIJA B,SIJA,Cargloss Group
21189,NISRINA RAIHANA PUTRI,21189@student.stembayo.sch.id,13 SIJA B,SIJA,PT KAI DAOP 6 Yogyakarta 
21190,RAFI AHMAD ZAINI,21190@student.stembayo.sch.id,13 SIJA B,SIJA,"MultiIntegra Technology Group,"
21191,RAFIF ARIBAH,21191@student.stembayo.sch.id,13 SIJA B,SIJA,PT Aksa Digital Group 
21192,RAFSA RAYHAN SAPUTRA,21192@student.stembayo.sch.id,13 SIJA B,SIJA,CV Karya Hidup Sentosa 
21193,RAHMADHANA DITYA ARDIYANTO,21193@student.stembayo.sch.id,13 SIJA B,SIJA,PT. Kereta Api Indonesia 
21194,RANI KRISMANTARI,21194@student.stembayo.sch.id,13 SIJA B,SIJA,PT Aksa Digital Group 
21195,RANI LESTARI PUTRI,21195@student.stembayo.sch.id,13 SIJA B,SIJA,PT. Javis Teknologi Albarokah 
21196,REJAKA ABIMANYU SUSANTO,21196@student.stembayo.sch.id,13 SIJA B,SIJA,PT Botika Teknologi Indonesia
21197,RENDI SUSANTO,21197@student.stembayo.sch.id,13 SIJA B,SIJA,PT. Kereta Api Indonesia 
21198,RIZKY FAUZAN HANIF,21198@student.stembayo.sch.id,13 SIJA B,SIJA,PT Era Awan Digital (Eranyacloud) 
21199,SALLY OKTAVINA YUSUF,21199@student.stembayo.sch.id,13 SIJA B,SIJA,Cargloss Group
21200,SALSABILA RAFEYFA ASYLA,21200@student.stembayo.sch.id,13 SIJA B,SIJA,Cargloss Group
21201,SASONGKO ALFAUZAN SUDIRAYUDA,21201@student.stembayo.sch.id,13 SIJA B,SIJA,PT Aksa Digital Group 
21202,SELLY OKTA RAMADHANI,21202@student.stembayo.sch.id,13 SIJA B,SIJA,CV Karya Hidup Sentosa 
21203,SHAFA OCTAZA RAMADHAN,21203@student.stembayo.sch.id,13 SIJA B,SIJA,PT Aksa Digital Group 
21204,SHAZIA EL HAMID,21204@student.stembayo.sch.id,13 SIJA B,SIJA,PT. Javis Teknologi Albarokah 
21205,SHEILA NUR ARINI,21205@student.stembayo.sch.id,13 SIJA B,SIJA,CV Karya Hidup Sentosa 
21206,SHIFA NABILA AMANDA,21206@student.stembayo.sch.id,13 SIJA B,SIJA,Cargloss Group
21207,SULTHAN RASYA FIRJATULLAH,21207@student.stembayo.sch.id,13 SIJA B,SIJA,PT. Kereta Api Indonesia 
21208,TAUFIQUL UMAM CHENA,21208@student.stembayo.sch.id,13 SIJA B,SIJA,PT. Aksa Digital Group 
21209,VALENTINO LOVERADO RINUMPOKO,21209@student.stembayo.sch.id,13 SIJA B,SIJA,TEFA
21210,YOGANTA AURELIAN RAMADHANI,21210@student.stembayo.sch.id,13 SIJA B,SIJA,Cargloss Group
21211,YUNUS BAHRAN NUFAIL,21211@student.stembayo.sch.id,13 SIJA B,SIJA,PT Aksa Digital Group 
21212,ZAHBARQAL SYAHZINHOULHAQ,21212@student.stembayo.sch.id,13 SIJA B,SIJA,PT. Kereta Api Indonesia 
